date,open,high,close,low,volume,price_change,p_change,ma5,ma10,ma20,v_ma5,v_ma10,v_ma20
2017-01-10,30.18,30.35,30.06,30.0,8769.7,-0.2,-0.66,30.06,30.06,30.06,8769.7,8769.7,8769.7
2017-01-11,30.05,30.05,28.67,28.64,17365.43,-1.39,-4.62,29.365,29.365,29.365,13067.57,13067.57,13067.57
2017-01-12,28.5,28.85,27.58,27.21,20531.58,-1.09,-3.8,28.77,28.77,28.77,15555.57,15555.57,15555.57
2017-01-13,27.49,27.57,26.58,26.5,21246.53,-1.0,-3.63,28.223,28.223,28.223,16978.31,16978.31,16978.31
2017-01-16,26.42,26.42,24.75,24.01,30052.87,-1.83,-6.88,27.528,27.528,27.528,19593.22,19593.22,19593.22
2017-01-17,24.71,25.56,25.42,23.83,27186.47,0.67,2.71,26.6,27.177,27.177,23276.58,20858.76,20858.76
2017-01-18,25.12,25.6,25.48,24.8,21358.89,0.06,0.24,25.962,26.934,26.934,24075.27,20930.21,20930.21
2017-01-19,25.23,26.4,26.35,25.13,19770.22,0.87,3.41,25.716,26.861,26.861,23923.0,20785.21,20785.21
2017-01-20,26.5,26.99,26.6,26.32,34243.76,0.25,0.95,25.72,26.832,26.832,26522.44,22280.61,22280.61
2017-01-23,26.31,27.0,26.49,26.31,23026.72,-0.11,-0.41,26.068,26.798,26.798,25117.21,22355.22,22355.22
2017-01-24,26.47,26.64,25.82,25.66,16810.3,-0.67,-2.53,26.148,26.374,26.709,23041.98,23159.28,21851.13
2017-01-25,25.7,25.92,25.8,25.65,11091.38,-0.02,-0.08,26.212,26.087,26.633,20988.48,22531.87,20954.49
2017-01-26,25.87,26.35,26.18,25.74,14252.65,0.38,1.47,26.178,25.947,26.598,19884.96,21903.98,20438.96
2017-02-03,26.1,26.79,26.2,26.1,12062.65,0.02,0.08,26.098,25.909,26.57,15448.74,20985.59,19840.65
2017-02-06,26.28,26.74,26.65,26.26,23540.53,0.45,1.72,26.13,26.099,26.575,15551.5,20334.36,20087.31
2017-02-07,26.56,26.6,26.28,26.1,14048.0,-0.37,-1.39,26.222,26.185,26.557,14999.04,19020.51,19709.86
2017-02-08,26.28,26.72,26.63,25.91,24172.59,0.35,1.33,26.388,26.3,26.561,17615.28,19301.88,19972.37
2017-02-09,26.69,27.32,26.84,26.52,29210.32,0.21,0.79,26.52,26.349,26.577,20606.82,20245.89,20485.59
2017-02-10,26.91,26.99,26.4,26.39,17438.03,-0.44,-1.64,26.56,26.329,26.567,21681.89,18565.32,20325.19
2017-02-13,26.31,26.87,26.82,26.21,19543.0,0.42,1.59,26.594,26.362,26.58,20882.39,18216.95,20286.08
2017-02-14,26.92,27.07,26.8,26.5,14153.33,-0.02,-0.07,26.698,26.46,26.417,20903.45,17951.25,20555.26
2017-02-15,26.88,27.5,27.38,26.59,37809.04,0.58,2.16,26.848,26.618,26.353,23630.74,20623.01,21577.44
2017-02-16,27.22,30.12,30.12,27.2,74637.12,2.74,10.01,27.504,27.012,26.48,32716.1,26661.46,24282.72
2017-02-17,30.12,30.98,29.82,29.51,107408.99,-0.3,-1.0,28.188,27.374,26.642,50710.3,36196.1,28590.84
2017-02-20,29.36,29.97,28.67,28.42,63955.05,-1.15,-3.86,28.558,27.576,26.838,59592.71,40237.55,30285.95
2017-02-21,28.79,28.86,28.72,28.3,40608.64,0.05,0.17,28.942,27.82,27.003,64883.77,42893.61,30957.06
2017-02-22,28.71,28.72,28.3,28.12,29903.06,-0.42,-1.46,29.126,27.987,27.144,63302.57,43466.66,31384.27
2017-02-23,28.12,28.51,28.39,28.06,26799.02,0.09,0.32,28.78,28.142,27.246,53734.95,43225.53,31735.71
2017-02-24,28.39,28.85,28.63,28.11,26231.5,0.24,0.84,28.542,28.365,27.347,37499.45,44104.88,31335.1
2017-02-27,28.63,28.8,27.81,27.79,27416.37,-0.82,-2.86,28.37,28.464,27.413,30191.72,44892.21,31554.58
2017-02-28,27.8,28.03,27.82,27.51,22904.87,0.01,0.04,28.19,28.566,27.513,26650.96,45767.37,31859.31
2017-03-01,27.81,28.19,27.9,27.75,18602.14,0.08,0.29,28.11,28.618,27.618,24390.78,43846.68,32234.85
2017-03-02,27.9,27.98,27.41,27.31,21574.51,-0.49,-1.76,27.914,28.347,27.68,23345.88,38540.42,32600.94
2017-03-03,27.47,27.48,27.39,27.1,15405.88,-0.02,-0.07,27.666,28.104,27.739,21180.75,29340.1,32768.1
2017-03-06,27.45,28.2,28.12,27.35,25214.1,0.73,2.67,27.728,28.049,27.813,20740.3,25466.01,32851.78
2017-03-07,28.0,28.88,28.77,28.0,38587.23,0.65,2.31,27.918,28.054,27.937,23876.77,25263.87,34078.74
2017-03-08,28.6,29.37,29.29,28.3,45005.53,0.52,1.81,28.196,28.153,28.07,29157.45,26774.12,35120.39
2017-03-09,29.05,29.27,28.56,28.46,31557.39,-0.73,-2.49,28.426,28.17,28.156,31154.03,27249.95,35237.74
2017-03-10,28.57,28.9,28.69,28.32,23446.91,0.13,0.46,28.686,28.176,28.271,32762.23,26971.49,35538.18
2017-03-13,28.71,29.35,29.26,28.36,32850.58,0.57,1.99,28.914,28.321,28.393,34289.53,27514.91,36203.56
2017-03-14,29.12,29.56,29.49,29.01,44791.4,0.23,0.79,29.058,28.488,28.527,35530.36,29703.57,37735.47
2017-03-15,29.25,30.58,30.1,29.25,68837.59,0.61,2.07,29.22,28.708,28.663,40296.77,34727.11,39286.89
2017-03-16,30.0,31.5,30.93,29.93,70684.85,0.83,2.76,29.694,29.06,28.704,48122.27,39638.15,39089.28
2017-03-17,30.9,30.91,30.2,30.04,47399.56,-0.73,-2.36,29.996,29.341,28.723,52912.8,42837.51,36088.81
2017-03-20,30.2,30.78,30.73,30.15,32182.68,0.53,1.75,30.29,29.602,28.826,52779.22,43534.37,34500.19
2017-03-21,30.88,31.3,31.28,30.55,37034.09,0.55,1.79,30.648,29.853,28.954,51227.75,43379.06,34321.46
2017-03-22,31.0,31.51,31.28,30.81,30152.48,0.0,0.0,30.884,30.052,29.103,43490.73,41893.75,34333.93
2017-03-23,31.27,31.44,30.74,30.15,46823.18,-0.54,-1.73,30.846,30.27,29.22,38718.4,43420.33,35335.14
2017-03-24,30.72,30.9,30.47,30.45,20134.88,-0.27,-0.88,30.9,30.448,29.312,33265.46,43089.13,35030.31
2017-03-27,30.66,30.66,29.88,29.8,24283.92,-0.59,-1.94,30.73,30.51,29.416,31685.71,42232.46,34873.69
2017-03-28,29.91,30.66,30.04,29.91,17345.25,0.16,0.54,30.482,30.565,29.527,27747.94,39487.85,34595.71
2017-03-29,30.05,30.46,29.25,28.42,30255.71,-0.79,-2.63,30.076,30.48,29.594,27768.59,35629.66,35178.39
2017-03-30,29.42,29.55,28.97,28.53,26561.05,-0.28,-0.96,29.722,30.284,29.672,23716.16,31217.28,35427.71
2017-03-31,28.87,29.25,29.02,28.68,18976.29,0.05,0.17,29.432,30.166,29.754,23484.44,28374.95,35606.23
2017-04-05,29.02,30.62,30.55,29.0,19180.93,1.53,5.27,29.566,30.148,29.875,22463.85,27074.78,35304.58
2017-04-06,30.5,30.6,30.55,30.18,21257.37,0.0,0.0,29.668,30.075,29.964,23246.27,25497.11,34438.08
2017-04-07,30.53,30.9,30.8,30.08,21555.46,0.25,0.82,29.978,30.027,30.04,21506.22,24637.4,33265.58
2017-04-10,30.96,31.1,30.59,30.16,22938.94,-0.21,-0.68,30.302,30.012,30.141,20781.8,22248.98,32834.66
2017-04-11,30.57,30.57,30.13,28.28,28416.68,-0.46,-1.5,30.524,29.978,30.213,22669.88,23077.16,33083.14
2017-04-12,29.63,30.33,29.79,29.63,11376.04,-0.34,-1.13,30.372,29.969,30.24,21108.9,21786.37,32009.42
2017-04-13,29.59,30.83,30.51,29.59,18929.4,0.72,2.42,30.364,30.016,30.291,20643.3,21944.79,30716.32
2017-04-14,30.23,31.16,31.1,30.23,34680.32,0.59,1.93,30.424,30.201,30.341,23268.28,22387.25,29008.45
2017-04-17,30.74,31.48,30.59,30.0,37156.78,-0.51,-1.64,30.424,30.363,30.324,26111.84,23446.82,27332.05
2017-04-18,30.44,30.58,29.8,29.0,38896.84,-0.79,-2.58,30.358,30.441,30.304,28207.88,25438.88,26906.91
2017-04-19,29.75,30.12,30.05,29.08,16018.46,0.25,0.84,30.41,30.391,30.27,29136.36,25122.63,26098.7
2017-04-20,30.0,31.3,31.2,29.91,31944.47,1.15,3.83,30.548,30.456,30.266,31739.37,26191.34,25844.22
2017-04-21,31.13,31.18,30.95,30.61,13499.0,-0.25,-0.8,30.518,30.471,30.249,27503.11,25385.69,25011.55
2017-04-24,30.13,30.99,30.92,30.08,17011.67,-0.03,-0.1,30.584,30.504,30.258,23474.09,24792.97,23520.97
2017-04-25,30.8,32.01,31.89,30.62,51945.23,0.97,3.14,31.002,30.68,30.329,26083.77,27145.82,25111.49
2017-04-26,31.85,32.88,32.51,31.52,67253.61,0.62,1.94,31.494,30.952,30.461,36330.8,32733.58,27259.98
2017-04-27,31.91,32.98,32.59,31.25,44611.96,0.08,0.25,31.772,31.16,30.588,38864.29,35301.83,28623.31
2017-04-28,32.2,32.88,32.33,32.13,34802.63,-0.26,-0.8,32.048,31.283,30.742,43125.02,35314.07,28850.66
2017-05-02,32.08,33.13,32.99,31.5,44848.51,0.66,2.04,32.462,31.523,30.943,48692.39,36083.24,29765.03
2017-05-03,32.9,33.65,33.52,32.53,36055.45,0.53,1.61,32.788,31.895,31.168,45514.43,35799.1,30618.99
2017-05-04,33.52,34.09,33.96,33.04,41745.76,0.44,1.31,33.078,32.286,31.339,40412.86,38371.83,31747.23
2017-05-05,33.78,34.44,33.27,32.59,36119.67,-0.69,-2.03,33.214,32.493,31.475,38714.4,38789.35,32490.34
2017-05-08,33.17,33.8,33.1,32.73,24795.94,-0.17,-0.51,33.368,32.708,31.59,36713.07,39919.04,32652.37
2017-05-09,32.95,34.26,34.01,32.48,40371.28,0.91,2.75,33.572,33.017,31.761,35817.62,42255.0,33523.99
2017-05-10,34.02,34.39,33.63,33.29,37664.5,-0.38,-1.12,33.594,33.191,31.936,36139.43,40826.93,33986.38
2017-05-11,33.5,33.9,33.77,33.0,30341.85,0.14,0.42,33.556,33.317,32.135,33858.65,37135.76,34934.67
2017-05-12,33.7,35.52,35.01,33.4,76625.52,1.24,3.67,33.904,33.559,32.36,41959.82,40337.11,37819.47
2017-05-15,34.9,35.68,35.38,34.32,39159.56,0.37,1.06,34.36,33.864,32.574,44832.54,40772.8,38043.43
2017-05-16,35.3,35.95,35.84,35.1,34163.41,0.46,1.3,34.726,34.149,32.836,43590.97,39704.29,37893.77
2017-05-17,35.8,36.2,35.25,35.2,33149.0,-0.59,-1.65,35.05,34.322,33.109,42687.87,39413.65,37606.37
2017-05-18,35.33,35.4,35.12,34.52,18528.0,-0.13,-0.37,35.32,34.438,33.362,40325.1,37091.87,37731.85
2017-05-19,34.81,36.15,35.17,34.81,42937.94,0.05,0.14,35.352,34.628,33.561,33587.58,37773.7,38281.52
2017-05-22,35.0,35.0,34.32,34.11,23057.69,-0.85,-2.42,35.14,34.75,33.729,30367.21,37599.88,38759.46
2017-05-23,34.3,35.22,34.88,33.9,40771.72,0.56,1.63,34.948,34.837,33.927,31688.87,37639.92,39947.46
2017-05-24,34.78,34.97,34.62,34.0,20224.1,-0.26,-0.74,34.822,34.936,34.064,29103.89,35895.88,38361.41
2017-05-25,34.62,36.15,36.1,34.6,55694.1,1.48,4.28,35.018,35.169,34.243,36537.11,38431.1,37783.43
2017-05-26,36.1,38.05,37.91,35.8,57710.52,1.81,5.01,35.566,35.459,34.509,39491.63,36539.6,38438.36
2017-05-31,38.45,40.76,40.19,38.0,126050.29,2.28,6.01,36.74,35.94,34.902,60090.15,45228.68,43000.74
2017-06-01,40.1,40.1,38.17,38.1,59579.1,-2.02,-5.03,37.398,36.173,35.161,63851.62,47770.25,43737.27
2017-06-02,38.0,38.89,38.58,36.98,35336.4,0.41,1.07,38.19,36.506,35.414,66874.08,47988.99,43701.32
2017-06-05,38.6,40.0,39.18,38.0,42598.21,0.6,1.55,38.806,36.912,35.675,64254.9,50396.01,43743.94
2017-06-06,38.5,39.38,38.99,38.21,26525.54,-0.19,-0.48,39.022,37.294,35.961,58017.91,48754.77,43264.23
2017-06-07,38.69,39.06,38.75,38.22,25981.0,-0.24,-0.62,38.734,37.737,36.244,38004.05,49047.1,43323.49
2017-06-08,38.97,39.39,39.2,38.5,33768.97,0.45,1.16,38.94,38.169,36.503,32842.02,48346.82,42993.37
2017-06-09,39.35,40.58,40.53,39.35,70302.6,1.33,3.39,39.33,38.76,36.848,39835.26,53354.67,44625.28
2017-06-12,40.55,42.68,40.69,39.3,107467.63,0.16,0.4,39.632,39.219,37.194,52809.15,58532.03,48481.57
2017-06-13,40.65,42.0,39.74,36.62,97256.38,-0.95,-2.33,39.782,39.402,37.431,66955.32,62486.61,49513.11
2017-06-14,39.0,40.8,40.13,38.37,34189.72,0.39,0.98,40.058,39.396,37.668,68597.06,53300.56,49264.62
2017-06-15,40.13,41.95,41.46,39.64,39679.04,1.33,3.31,40.51,39.725,37.949,69779.07,51310.55,49540.4
2017-06-16,41.46,42.0,41.77,40.21,20107.67,0.31,0.75,40.758,40.044,38.275,59740.09,49787.68,48888.33
2017-06-19,41.75,41.77,41.06,40.0,30529.77,-0.71,-1.7,40.832,40.232,38.572,44352.52,48580.83,49488.42
2017-06-20,41.04,44.77,36.95,36.95,144246.0,-4.11,-10.01,40.274,40.028,38.661,53750.44,60352.88,54553.82
2017-06-21,33.26,38.79,33.26,33.26,265806.91,-3.69,-9.99,38.9,39.479,38.608,100073.88,84335.47,66691.28
2017-06-22,29.7,31.7,29.7,29.7,312919.66,-3.3,-10.0,36.548,38.529,38.349,154722.0,112250.54,80298.68
2017-06-23,28.3,28.57,27.4,27.05,163380.06,-2.3,-7.74,33.674,37.216,37.988,183376.48,121558.28,87456.48
2017-06-26,27.0,27.36,26.79,26.23,128545.2,-0.61,-2.23,30.82,35.826,37.523,202979.57,123666.04,91099.03
2017-06-27,26.69,27.04,26.6,26.54,81399.26,-0.19,-0.71,28.75,34.512,36.957,190410.22,122080.33,92283.47
2017-06-28,26.49,26.49,25.37,25.26,108450.78,-1.23,-4.62,27.172,33.036,36.216,158938.99,129506.44,91403.5
2017-06-29,25.5,26.1,25.64,25.41,66962.28,0.27,1.06,26.36,31.454,35.59,109747.52,132234.76,91772.65
2017-06-30,25.46,25.79,25.52,25.07,67234.33,-0.12,-0.47,25.984,29.829,34.937,90518.37,136947.43,93367.55
2017-07-03,25.59,25.78,25.75,25.42,46503.0,0.23,0.9,25.776,28.298,34.265,74109.93,138544.75,93562.79
2017-07-04,25.82,25.84,25.51,25.48,42716.0,-0.24,-0.93,25.558,27.154,33.591,66373.28,128391.75,94372.31
2017-07-05,25.48,25.67,25.57,25.41,42243.16,0.06,0.23,25.598,26.385,32.932,53131.75,106035.37,95185.42
2017-07-06,25.54,25.54,24.89,24.73,72765.04,-0.68,-2.66,25.448,25.904,32.217,54292.31,82019.91,97135.22
2017-07-07,24.8,25.17,24.97,24.79,41795.07,0.08,0.32,25.338,25.661,31.439,49204.45,69861.41,95709.85
2017-07-10,24.95,24.96,24.19,24.13,57891.5,-0.78,-3.12,25.026,25.401,30.614,51482.15,62796.04,93231.04
2017-07-11,24.18,24.34,23.84,23.73,38139.71,-0.35,-1.45,24.692,25.125,29.819,50566.9,58470.09,90275.21
2017-07-12,23.89,23.91,23.39,22.68,51211.54,-0.45,-1.89,24.256,24.927,28.982,52360.57,52746.16,91126.3
2017-07-13,23.13,23.49,23.1,23.04,28631.0,-0.29,-1.24,23.898,24.673,28.064,43533.76,48913.04,90573.9
2017-07-14,23.13,23.48,23.18,22.82,35628.0,0.08,0.35,23.54,24.439,27.134,42300.35,45752.4,91349.91
2017-07-17,22.99,22.99,20.86,20.86,54720.19,-2.32,-10.01,22.874,23.95,26.124,41666.09,46574.12,92559.43
2017-07-18,20.5,20.78,20.62,19.8,47004.86,-0.24,-1.15,22.23,23.461,25.308,43439.12,47003.01,87697.38
2017-07-19,20.58,20.77,20.67,20.4,31235.8,0.05,0.24,21.686,22.971,24.678,39443.97,45902.27,75968.82
2017-07-20,20.61,21.08,20.65,20.55,34363.19,-0.02,-0.1,21.196,22.547,24.226,40590.41,42062.09,62041.0
2017-07-21,20.55,20.55,20.18,19.96,33135.31,-0.47,-2.28,20.596,22.068,23.865,40091.87,41196.11,55528.76
2017-07-24,20.04,20.34,20.22,19.86,28396.24,0.04,0.2,20.468,21.671,23.536,34827.08,38246.58,50521.31
2017-07-25,20.2,20.42,20.27,20.18,23675.96,0.05,0.25,20.398,21.314,23.22,30161.3,36800.21,47635.15
2017-07-26,20.35,20.45,20.03,19.94,24224.5,-0.24,-1.18,20.27,20.978,22.953,28759.04,34101.51,43423.83
2017-07-27,19.95,20.56,20.47,19.95,36208.93,0.44,2.2,20.234,20.715,22.694,29128.19,34859.3,41886.17
2017-07-28,20.45,20.47,20.18,20.15,25310.61,-0.29,-1.42,20.234,20.415,22.427,27563.25,33827.56,39789.98
2017-07-31,20.23,20.35,20.19,20.06,16017.0,0.01,0.05,20.228,20.348,22.149,25087.4,29957.24,38265.68
2017-08-01,20.24,20.26,20.17,20.07,19221.72,-0.02,-0.1,20.208,20.303,21.882,24196.55,27178.93,37090.97
2017-08-02,20.17,20.17,19.7,19.68,30485.32,-0.47,-2.33,20.142,20.206,21.589,25448.72,27103.88,36503.07
2017-08-03,19.75,20.08,19.79,19.61,25422.99,0.09,0.46,20.006,20.12,21.334,23291.53,26209.86,34135.97
2017-08-04,19.8,19.87,19.69,19.66,19380.53,-0.1,-0.51,19.908,20.071,21.07,22105.51,24834.38,33015.25
2017-08-07,19.7,19.95,19.84,19.65,14790.99,0.15,0.76,19.838,20.033,20.852,21860.31,23473.86,30860.22
2017-08-08,19.85,19.9,19.77,19.65,16666.72,-0.07,-0.35,19.758,19.983,20.649,21349.31,22772.93,29786.57
2017-08-09,19.71,19.95,19.9,19.63,21096.72,0.13,0.66,19.798,19.97,20.474,19471.59,22460.15,28280.83
2017-08-10,19.84,19.86,19.57,19.56,24117.44,-0.33,-1.66,19.754,19.88,20.298,19210.48,21251.0,28055.15
2017-08-11,19.41,19.55,19.29,19.16,19054.0,-0.28,-1.43,19.674,19.791,20.103,19145.17,20625.34,27226.45
2017-08-14,19.35,19.54,19.48,19.3,14147.72,0.19,0.98,19.602,19.72,20.034,19016.52,20438.42,25197.83
2017-08-15,19.51,19.74,19.56,19.47,19061.04,0.08,0.41,19.56,19.659,19.981,19495.38,20422.35,23800.64
2017-08-16,19.59,20.79,20.37,19.5,60328.84,0.81,4.14,19.654,19.726,19.966,27341.81,23406.7,25255.29
2017-08-17,20.21,20.54,20.35,20.16,33586.19,-0.02,-0.1,19.81,19.782,19.951,29235.56,24223.02,25216.44
2017-08-18,20.2,21.97,21.46,20.1,86162.67,1.11,5.46,20.244,19.959,20.015,42657.29,30901.23,27867.81
2017-08-21,21.3,21.87,21.6,21.2,61094.94,0.14,0.65,20.668,20.135,20.084,52046.74,35531.63,29502.74
2017-08-22,21.5,21.5,21.19,21.1,38797.62,-0.41,-1.9,20.994,20.277,20.13,55994.05,37744.72,30258.82
2017-08-23,21.18,21.19,20.81,20.63,33029.0,-0.38,-1.79,21.082,20.368,20.169,50534.08,38937.95,30699.05
2017-08-24,20.72,20.95,20.5,20.4,23048.0,-0.31,-1.49,21.112,20.461,20.171,48426.45,38831.0,30041.0
2017-08-25,20.48,20.95,20.78,20.46,25634.3,0.28,1.37,20.976,20.61,20.201,36320.77,39489.03,30057.19
2017-08-28,20.6,21.09,20.88,20.53,42068.02,0.1,0.48,20.832,20.75,20.235,32515.39,42281.06,31359.74
2017-08-29,20.93,21.09,20.9,20.72,36777.1,0.02,0.1,20.774,20.884,20.272,32111.28,44052.67,32237.51
2017-08-30,20.9,20.91,20.75,20.72,21015.26,-0.15,-0.72,20.762,20.922,20.324,29708.54,40121.31,31764.0
2017-08-31,20.88,21.18,21.08,20.72,39988.68,0.33,1.59,20.878,20.995,20.389,33096.67,40761.56,32492.29
2017-09-01,20.6,21.08,20.96,20.6,29406.96,-0.12,-0.57,20.914,20.945,20.452,33851.2,35085.99,32993.61
2017-09-04,20.85,20.97,20.73,20.62,26036.33,-0.23,-1.1,20.884,20.858,20.497,30644.87,31580.13,33555.88
2017-09-05,20.72,21.15,21.08,20.64,32530.69,0.35,1.69,20.92,20.847,20.562,29795.58,30953.43,34349.08
2017-09-06,21.04,21.5,21.26,21.02,45507.29,0.18,0.85,21.022,20.892,20.63,34693.99,32201.26,35569.6
2017-09-07,21.12,21.68,21.67,21.12,63684.49,0.41,1.93,21.14,21.009,20.735,39433.15,36264.91,37547.96
2017-09-08,21.69,22.0,21.94,21.32,75783.75,0.27,1.25,21.336,21.125,20.868,48708.51,41279.86,40384.44
2017-09-11,21.8,22.34,22.2,21.63,61538.37,0.26,1.19,21.63,21.257,21.004,55808.92,43226.89,42753.98
2017-09-12,22.3,22.49,21.85,21.8,52003.31,-0.35,-1.58,21.784,21.352,21.118,59703.44,44749.51,44401.09
2017-09-13,21.71,21.75,21.54,21.45,32971.07,-0.31,-1.42,21.84,21.431,21.177,57196.2,45945.09,43033.2
2017-09-14,21.72,21.73,21.51,21.42,25997.07,-0.03,-0.14,21.808,21.474,21.235,49658.71,44545.93,42653.75
2017-09-15,21.46,21.73,21.39,21.33,24173.9,-0.12,-0.56,21.698,21.517,21.231,39336.74,44022.63,39554.31
2017-09-18,21.44,21.49,21.48,21.24,19713.0,0.09,0.42,21.554,21.592,21.225,30971.67,43390.29,37485.21
2017-09-19,21.48,21.49,21.19,21.15,20299.0,-0.29,-1.35,21.422,21.603,21.225,24630.81,42167.13,36560.28
2017-09-20,21.19,21.35,21.31,21.19,16254.3,0.12,0.57,21.376,21.608,21.25,21287.45,39241.83,35721.54
2017-09-21,21.48,23.44,23.17,21.32,139421.52,1.86,8.73,21.708,21.758,21.384,43972.34,46815.53,41540.22
2017-09-22,22.59,22.85,22.29,22.15,87101.31,-0.88,-3.8,21.888,21.793,21.459,56557.83,47947.29,44613.57
2017-09-25,22.28,22.59,21.63,21.45,54764.79,-0.66,-2.96,21.918,21.736,21.497,63568.18,47269.93,45248.41
2017-09-26,21.64,21.64,21.09,21.02,38000.24,-0.54,-2.5,21.898,21.66,21.506,67108.43,45869.62,45309.57
2017-09-27,21.19,21.66,21.39,21.12,25666.86,0.3,1.42,21.914,21.645,21.538,68990.94,45139.2,45542.15
2017-09-28,21.39,21.45,20.69,20.63,40337.0,-0.7,-3.27,21.418,21.563,21.519,49174.04,46573.19,45559.56
2017-09-29,20.54,20.54,20.36,20.18,31687.72,-0.33,-1.59,21.032,21.46,21.489,38091.32,47324.57,45673.6
2017-10-09,20.52,20.74,20.62,20.38,17862.89,0.26,1.28,20.83,21.374,21.483,30710.94,47139.56,45264.93
2017-10-10,20.69,21.19,21.13,20.55,28351.28,0.51,2.47,20.838,21.368,21.486,28781.15,47944.79,45055.96
2017-10-11,21.03,21.07,20.82,20.79,19857.0,-0.31,-1.47,20.724,21.319,21.464,27619.18,48305.06,43773.44
2017-10-12,20.76,21.4,21.13,20.76,26704.95,0.31,1.49,20.812,21.115,21.437,24892.77,37033.4,41924.47
2017-10-13,21.13,21.56,21.54,21.0,39071.12,0.41,1.94,21.048,21.04,21.417,26369.45,32230.39,40088.84
2017-10-16,21.6,21.96,21.09,21.04,38832.89,-0.45,-2.09,21.142,20.986,21.361,30563.45,30637.2,38953.56
2017-10-17,20.99,20.99,20.71,20.42,26605.16,-0.38,-1.8,21.058,20.948,21.304,30214.22,29497.69,37683.65
2017-10-18,20.74,22.48,21.22,20.73,63572.1,0.51,2.46,21.138,20.931,21.288,38957.24,33288.21,39213.71
2017-10-19,21.05,21.16,20.49,20.4,37379.57,-0.73,-3.44,21.01,20.911,21.237,41092.17,32992.47,39782.83
2017-10-20,20.55,20.8,20.63,20.4,21978.54,0.14,0.68,20.828,20.938,21.199,37673.65,32021.55,39673.06
2017-10-23,20.62,20.8,20.74,20.49,15419.0,0.11,0.53,20.758,20.95,21.162,32990.87,31777.16,39458.36
2017-10-24,20.74,20.78,20.41,20.26,17443.26,-0.33,-1.59,20.698,20.878,21.123,31158.49,30686.36,39315.58
2017-10-25,20.04,20.18,20.11,19.31,36250.32,-0.3,-1.47,20.476,20.807,21.063,25694.14,32325.69,40315.38
2017-10-26,20.0,20.3,20.03,19.93,19636.44,-0.08,-0.4,20.384,20.697,20.906,22145.51,31618.84,34326.12
2017-10-27,19.98,20.07,19.7,19.69,19514.96,-0.33,-1.65,20.198,20.513,20.777,21652.8,29663.22,30946.8
2017-10-30,19.7,19.7,18.39,18.31,35612.46,-1.31,-6.65,19.728,20.243,20.615,25691.49,29341.18,29989.19
2017-10-31,18.37,18.59,18.52,18.31,15164.0,0.13,0.71,19.35,20.024,20.486,25235.64,28197.07,28847.38
2017-11-01,18.57,18.64,18.43,18.38,14496.0,-0.09,-0.49,19.014,19.745,20.338,20884.77,23289.46,28288.83
2017-11-02,18.44,18.44,17.75,17.73,24913.99,-0.68,-3.69,18.558,19.471,20.191,21940.28,22042.9,27517.68
2017-11-03,17.8,17.9,17.34,17.18,21924.63,-0.41,-2.31,18.086,19.142,20.04,22422.22,22037.51,27029.53
2017-11-06,17.4,17.49,17.48,17.19,12877.0,0.14,0.81,17.904,18.816,19.883,17875.12,21783.31,26780.23
2017-11-07,17.53,17.73,17.59,17.45,12897.99,0.11,0.63,17.718,18.534,19.706,17421.92,21328.78,26007.57
2017-11-08,17.8,17.83,17.76,17.63,12764.0,0.17,0.97,17.584,18.299,19.553,17075.52,18980.15,25652.92
2017-11-09,17.69,17.87,17.81,17.63,10837.9,0.05,0.28,17.596,18.077,19.387,14260.3,18100.29,24859.57
2017-11-10,17.9,17.9,17.78,17.41,11242.9,-0.03,-0.17,17.684,17.885,19.199,12123.96,17273.09,23468.16
2017-11-13,17.7,17.82,17.51,17.5,12127.89,-0.28,-1.57,17.69,17.797,19.02,11974.14,14924.63,22132.91
2017-11-14,17.57,17.58,17.25,17.22,13498.69,-0.26,-1.49,17.622,17.67,18.847,12094.28,14758.1,21477.58
2017-11-15,17.31,17.47,17.27,17.21,9334.26,0.02,0.12,17.524,17.554,18.65,11408.33,14241.93,18765.69
2017-11-16,17.2,17.35,17.19,17.04,12538.33,-0.08,-0.46,17.4,17.498,18.485,11748.41,13004.36,17523.63
2017-11-17,17.24,17.24,15.77,15.62,31133.0,-1.42,-8.26,16.998,17.341,18.242,15726.43,13925.2,17981.35
2017-11-20,15.74,15.74,15.28,14.9,18072.0,-0.48,-3.05,16.552,17.121,17.969,16915.26,14444.7,18114.0
2017-11-21,15.09,15.46,15.17,15.02,14883.1,-0.12,-0.79,16.136,16.879,17.707,17192.14,14643.21,17985.99
2017-11-22,15.2,15.28,15.14,15.01,11080.1,-0.03,-0.2,15.71,16.617,17.458,17541.31,14474.82,16727.48
2017-11-23,15.2,15.25,14.7,14.66,14522.0,-0.44,-2.91,15.212,16.306,17.192,17938.04,14843.23,16471.76
2017-11-24,14.78,14.78,14.65,14.5,11593.0,-0.04,-0.27,14.988,15.993,16.939,14030.04,14878.24,16075.66
2017-11-27,14.7,14.85,14.61,14.52,9488.54,-0.04,-0.27,14.854,15.703,16.75,12313.35,14614.3,14769.47
2017-11-28,14.65,14.79,14.79,14.51,9561.22,0.22,1.51,14.778,15.457,16.564,11248.97,14220.56,14489.33
2017-11-29,14.71,14.88,14.79,14.51,12359.9,0.02,0.14,14.708,15.209,16.382,11504.93,14523.12,14382.52
2017-11-30,14.76,14.96,14.93,14.65,14856.54,0.15,1.01,14.754,14.983,16.241,11571.84,14754.94,13879.65
2017-12-01,14.85,15.29,15.13,14.84,16175.18,0.19,1.27,14.85,14.919,16.13,12488.28,13259.16,13592.18
2017-12-04,15.05,15.23,14.61,14.53,14707.0,-0.53,-3.5,14.85,14.852,15.987,13531.97,12922.66,13683.68
2017-12-05,14.61,14.69,13.48,13.14,24577.0,-1.12,-7.67,14.588,14.683,15.781,16535.12,13892.05,14267.63
2017-12-06,13.46,13.62,13.61,13.14,14958.32,0.13,0.96,14.352,14.53,15.574,17054.81,14279.87,14377.34
2017-12-07,13.6,13.69,13.62,13.48,10809.09,0.02,0.15,14.09,14.422,15.364,16245.32,13908.58,14375.9
2017-12-08,13.78,13.92,13.79,13.56,11366.64,0.17,1.25,13.822,14.336,15.165,15283.61,13885.94,14382.09
2017-12-11,13.78,14.04,13.93,13.71,9238.63,0.14,1.01,13.686,14.268,14.986,14189.94,13860.95,14237.63
2017-12-12,13.9,14.04,13.54,13.52,10448.0,-0.36,-2.59,13.698,14.143,14.8,11364.14,13949.63,14085.09
2017-12-13,13.55,13.88,13.81,13.51,10311.0,0.27,1.99,13.738,14.045,14.627,10434.67,13744.74,14133.93
2017-12-14,14.02,14.13,14.05,13.91,17075.54,0.22,1.59,13.824,13.957,14.47,11687.96,13966.64,14360.79
2017-12-15,14.06,14.15,14.05,13.92,12666.0,0.0,0.0,13.876,13.849,14.384,11947.83,13615.72,13437.44
2017-12-18,14.05,14.05,13.81,13.65,10165.1,-0.24,-1.71,13.852,13.769,14.311,12133.13,13161.53,13042.1
2017-12-19,13.97,14.1,13.91,13.8,10874.1,0.08,0.58,13.926,13.812,14.248,12218.35,11791.24,12841.65
2017-12-20,13.92,13.97,13.67,13.57,9335.0,-0.25,-1.8,13.898,13.818,14.174,12023.15,11228.91,12754.39
2017-12-21,13.56,13.76,13.56,13.33,9581.09,-0.1,-0.73,13.8,13.812,14.117,10524.26,11106.11,12507.34
2017-12-22,13.65,13.86,13.7,13.53,7291.0,0.12,0.88,13.73,13.803,14.07,9449.26,10698.55,12292.24
2017-12-25,13.71,13.79,13.38,13.27,10260.15,-0.32,-2.34,13.644,13.748,14.008,9468.27,10800.7,12330.83
2017-12-26,13.38,13.72,13.7,13.32,15900.0,0.32,2.39,13.602,13.764,13.954,10473.45,11345.9,12647.76
2017-12-27,13.76,14.03,13.82,13.63,19902.0,0.13,0.95,13.632,13.765,13.905,12586.85,12305.0,13024.87
2017-12-28,13.84,14.27,13.95,13.73,22720.28,0.13,0.94,13.71,13.755,13.856,15214.69,12869.47,13418.06
2017-12-29,13.91,14.12,14.07,13.8,15251.0,0.13,0.93,13.784,13.757,13.803,16806.69,13127.97,13371.85
2018-01-02,14.04,14.16,14.03,13.91,12107.12,-0.05,-0.35,13.914,13.779,13.774,17176.08,13322.17,13241.85
2018-01-03,14.03,14.23,14.13,13.94,14851.56,0.1,0.71,14.0,13.801,13.807,16966.39,13719.92,12755.58
2018-01-04,14.14,14.19,13.93,13.89,17153.0,-0.2,-1.42,14.022,13.827,13.823,16416.59,14501.72,12865.32
2018-01-05,13.96,14.33,14.26,13.87,19361.6,0.33,2.37,14.084,13.897,13.855,15744.86,15479.77,13292.94
2018-01-08,14.27,14.27,14.04,13.95,14117.96,-0.22,-1.54,14.078,13.931,13.867,15518.25,16162.47,13430.51
2018-01-09,14.05,14.18,14.01,13.96,12982.0,-0.05,-0.36,14.074,13.994,13.871,15693.22,16434.65,13617.68
2018-01-10,13.85,13.95,13.72,13.6,16343.0,-0.28,-2.0,13.992,13.996,13.88,15991.51,16478.95,13912.43
2018-01-11,13.7,13.96,13.9,13.61,13372.0,0.18,1.31,13.986,14.004,13.885,15235.31,15825.95,14065.48
2018-01-12,13.99,14.17,13.98,13.9,18640.6,0.08,0.58,13.93,14.007,13.881,15091.11,15417.98,14143.73
2018-01-15,13.9,13.91,13.41,13.37,15446.0,-0.57,-4.08,13.804,13.941,13.849,15356.72,15437.48,14282.73
2018-01-16,13.34,13.76,13.52,13.31,10139.0,0.11,0.82,13.706,13.89,13.835,14788.12,15240.67,14281.42
2018-01-17,13.43,13.75,13.72,13.4,14770.47,0.2,1.48,13.706,13.849,13.825,14473.61,15232.56,14476.24
2018-01-18,13.7,13.85,13.78,13.63,11309.0,0.06,0.44,13.682,13.834,13.831,14061.01,14648.16,14574.94
2018-01-19,13.79,14.28,13.91,13.77,25576.47,0.14,1.02,13.668,13.799,13.848,15448.19,15269.65,15374.71
2018-01-22,13.76,13.81,13.65,13.5,16976.0,-0.26,-1.87,13.716,13.76,13.846,15754.19,15555.45,15858.96
2018-01-23,13.64,15.0,15.0,13.59,76438.69,1.36,9.97,14.012,13.859,13.927,29014.13,21901.12,19167.89
2018-01-24,14.9,14.91,14.53,14.27,79077.33,-0.47,-3.13,14.174,13.94,13.968,41875.5,28174.56,22326.75
2018-01-25,14.31,14.41,14.29,14.18,39676.99,-0.2,-1.38,14.276,13.979,13.992,47549.1,30805.06,23315.5
2018-01-26,14.22,14.28,14.24,14.08,23740.14,-0.03,-0.21,14.342,14.005,14.006,47181.83,31315.01,23366.5
2018-01-29,14.25,14.4,14.04,14.0,22924.47,-0.21,-1.47,14.42,14.068,14.005,48371.52,32062.86,23750.17
2018-01-30,13.83,14.0,13.86,13.8,17843.2,-0.16,-1.14,14.192,14.102,13.996,36652.43,32833.28,24036.97
2018-01-31,13.82,14.48,13.99,13.6,47714.25,0.15,1.08,14.084,14.129,13.989,30379.81,36127.65,25680.11
2018-02-01,13.31,13.45,12.59,12.59,37263.0,-1.4,-10.01,13.744,14.01,13.922,29897.01,38723.05,26685.61
2018-02-02,11.5,12.01,11.63,11.41,32073.65,-0.96,-7.62,13.222,13.782,13.791,31563.71,39372.77,27321.21
2018-02-05,11.39,11.57,11.3,11.23,17163.19,-0.32,-2.75,12.674,13.547,13.654,30411.46,39391.49,27473.47
2018-02-06,11.1,11.1,10.18,10.18,24655.48,-1.13,-9.99,11.938,13.065,13.462,31773.91,34213.17,28057.15
2018-02-07,10.4,10.55,10.14,9.79,20059.0,-0.04,-0.39,11.168,12.626,13.283,26242.86,28311.34,28242.95
2018-02-08,10.1,10.45,10.38,10.05,15069.0,0.23,2.27,10.726,12.235,13.107,21804.06,25850.54,28327.8
2018-02-09,10.18,10.25,10.0,9.79,19139.0,-0.39,-3.75,10.4,11.811,12.908,19217.13,25390.42,28352.72
2018-02-12,10.03,10.31,10.26,10.03,12068.0,0.26,2.6,10.192,11.433,12.751,18198.1,24304.78,28183.82
2018-02-13,10.3,10.54,10.28,10.24,12889.19,0.02,0.2,10.212,11.075,12.589,15844.84,23809.38,28321.33
2018-02-14,10.27,10.3,10.23,10.16,6975.0,-0.04,-0.39,10.23,10.699,12.414,13228.04,19735.45,27931.55
2018-02-22,10.3,10.46,10.42,10.27,8739.0,0.2,1.96,10.238,10.482,12.246,11962.04,16883.05,27803.05
2018-02-23,10.44,10.7,10.59,10.37,12754.4,0.16,1.53,10.356,10.378,12.08,10685.12,14951.13,27161.95
2018-02-26,10.65,11.1,10.98,10.53,25703.31,0.38,3.58,10.5,10.346,11.947,13412.18,15805.14,27598.31
2018-02-27,10.89,11.18,11.01,10.83,18195.39,0.04,0.36,10.646,10.429,11.747,14473.42,15159.13,24686.15
2018-02-28,10.98,11.0,10.92,10.79,12359.79,-0.1,-0.91,10.784,10.507,11.567,15550.38,14389.21,21350.27
2018-03-01,10.93,11.1,11.03,10.86,14067.0,0.1,0.92,10.906,10.572,11.404,16615.98,14289.01,20069.77
2018-03-02,10.99,11.07,10.99,10.9,9939.0,-0.03,-0.27,10.986,10.671,11.241,16052.9,13369.01,19379.72
2018-03-05,11.04,11.06,11.02,10.95,9396.0,0.02,0.18,10.994,10.747,11.09,12791.44,13101.81,18703.29
2018-03-06,11.02,11.24,11.23,11.01,14745.0,0.2,1.81,11.038,10.842,10.959,12101.36,13287.39,18548.38
2018-03-07,11.16,11.34,11.08,11.08,10673.0,-0.16,-1.42,11.07,10.927,10.813,11764.0,13657.19,16696.32
2018-03-08,11.08,11.93,11.44,11.03,34457.79,0.34,3.06,11.152,11.029,10.756,15842.16,16229.07,16556.06
2018-03-09,11.37,11.7,11.57,11.22,24772.0,0.13,1.14,11.268,11.127,10.753,18808.76,17430.83,16190.98
2018-03-12,12.03,12.29,11.84,11.31,30419.36,0.29,2.51,11.432,11.213,10.78,23013.43,17902.43,16853.79
2018-03-13,11.82,12.15,11.84,11.68,31474.08,0.02,0.17,11.554,11.296,10.863,26359.25,19230.3,17194.72
2018-03-14,11.85,11.85,11.61,11.54,19422.0,-0.23,-1.94,11.66,11.365,10.936,28109.05,19936.52,17162.87
2018-03-15,11.64,11.64,11.09,10.91,25283.89,-0.53,-4.56,11.59,11.371,10.972,26274.27,21058.21,17673.61
2018-03-16,11.11,11.3,11.17,11.05,14018.72,0.07,0.63,11.51,11.389,11.03,24123.61,21466.18,17417.6
2018-03-19,11.2,11.48,11.4,11.13,13266.0,0.22,1.97,11.422,11.427,11.087,20692.94,21853.18,17477.5
2018-03-20,11.38,11.54,11.47,11.16,14088.0,0.07,0.61,11.348,11.451,11.147,17215.72,21787.48,17537.44
2018-03-21,11.49,11.68,11.46,11.42,18212.33,-0.02,-0.17,11.318,11.489,11.208,16973.79,22541.42,18099.3
2018-03-22,11.35,11.68,11.6,11.35,16731.0,0.17,1.49,11.42,11.505,11.267,15263.21,20768.74,18498.9
2018-03-23,11.39,11.39,10.45,10.44,21228.1,-1.15,-9.91,11.276,11.393,11.26,16705.09,20414.35,18922.59
2018-03-26,10.25,10.62,10.54,9.91,14772.35,0.1,0.96,11.104,11.263,11.238,17006.36,18849.65,18376.04
2018-03-27,10.62,11.59,11.17,10.62,23529.81,0.62,5.88,11.044,11.196,11.246,18894.72,18055.22,18642.76
2018-03-28,11.18,11.4,11.39,11.0,24614.41,0.21,1.88,11.03,11.174,11.27,20175.13,18574.46,19255.49
2018-03-29,11.64,12.14,11.63,11.32,46116.28,0.27,2.38,11.036,11.228,11.3,26052.19,20657.7,20857.96
2018-03-30,11.58,12.05,11.86,11.51,34668.35,0.23,1.98,11.318,11.297,11.343,28740.24,22722.66,22094.42
2018-04-02,11.64,13.06,12.76,11.64,79938.61,0.89,7.5,11.762,11.433,11.43,41773.49,29389.92,25621.55
2018-04-03,12.73,12.73,12.6,12.0,44156.71,-0.13,-1.02,12.048,11.546,11.499,45898.87,32396.8,27092.14
2018-04-04,12.41,12.46,12.06,12.03,19799.57,-0.35,-2.82,12.182,11.606,11.548,44935.9,32555.52,27548.47
2018-04-09,12.0,12.01,11.95,11.65,16606.0,-0.11,-0.91,12.246,11.641,11.573,39033.85,32543.02,26655.88
2018-04-10,11.85,12.03,11.98,11.82,14820.0,0.04,0.34,12.27,11.794,11.594,35064.18,31902.21,26158.28
2018-04-11,12.02,12.34,12.3,11.9,40490.0,0.33,2.76,12.178,11.97,11.617,27174.46,34473.97,26661.81
2018-04-12,12.9,13.55,12.81,12.44,137680.67,0.49,3.98,12.22,12.134,11.665,45879.25,45889.06,31972.14
2018-04-13,12.2,12.48,11.74,11.69,94013.61,-1.08,-8.42,12.156,12.169,11.672,60722.06,52828.98,35701.72
2018-04-16,11.54,11.64,11.4,11.37,30775.15,-0.34,-2.9,12.046,12.146,11.687,63555.89,51294.87,35976.28
2018-04-17,11.36,11.88,11.6,11.36,32530.06,0.19,1.67,11.97,12.12,11.709,67097.9,51081.04,36901.85
2018-04-18,11.54,11.84,11.79,11.02,35094.43,0.24,2.08,11.868,12.023,11.728,66018.78,46596.62,37993.27
2018-04-19,11.77,12.86,12.68,11.61,80883.96,0.88,7.46,11.842,12.031,11.789,54659.44,50269.35,41333.07
2018-04-20,12.71,13.17,13.0,12.36,66040.96,0.3,2.36,12.094,12.125,11.866,49064.91,54893.48,43724.5
2018-04-23,13.09,13.52,13.46,12.7,53768.32,0.45,3.46,12.506,12.276,11.959,53663.55,58609.72,45576.37
2018-04-24,13.32,13.75,13.33,13.07,62535.78,-0.14,-1.04,12.852,12.411,12.103,59664.69,63381.29,47641.75
2018-04-25,13.26,13.9,13.69,12.95,59238.0,0.34,2.55,13.232,12.55,12.26,64493.4,65256.09,49865.03
2018-04-26,13.78,14.5,13.53,13.46,71469.0,-0.3,-2.17,13.402,12.622,12.378,62610.41,58634.93,52261.99
2018-04-27,13.37,13.55,13.29,13.07,29771.57,-0.35,-2.57,13.46,12.777,12.473,55356.53,52210.72,52519.85
2018-05-02,13.31,13.67,13.55,13.22,26317.0,0.15,1.12,13.478,12.992,12.569,49866.27,51764.91,51529.89
2018-05-03,13.56,13.95,13.87,13.4,33768.0,0.31,2.29,13.586,13.219,12.67,44112.71,51888.7,51484.87
2018-05-04,13.82,14.36,14.14,13.67,46226.7,0.3,2.17,13.676,13.454,12.739,41510.45,53001.93,49799.27
2018-05-07,14.03,14.46,14.37,13.96,40678.0,0.26,1.84,13.844,13.623,12.827,35352.25,48981.33,49625.34
2018-05-08,14.33,14.68,14.41,14.24,48760.71,0.08,0.56,14.068,13.764,12.945,39150.08,47253.31,51073.4
2018-05-09,14.32,14.72,14.16,13.9,43721.29,-0.31,-2.14,14.19,13.834,13.055,42630.94,46248.61,52429.16
2018-05-10,14.0,14.42,14.24,13.9,45102.57,0.06,0.42,14.264,13.925,13.168,44897.85,44505.28,53943.29
2018-05-11,14.08,14.47,14.16,14.03,30951.57,-0.1,-0.7,14.268,13.972,13.261,41842.83,41676.64,53466.37
2018-05-14,14.07,14.32,14.22,13.99,28763.71,0.0,0.0,14.238,14.041,13.332,39459.97,37406.11,48020.52
2018-05-15,14.23,14.54,14.42,14.11,75234.0,0.18,1.26,14.24,14.154,13.466,44754.63,41952.36,47081.54
2018-05-16,14.29,14.44,14.39,14.2,22952.0,-0.05,-0.35,14.286,14.238,13.615,40600.77,41615.86,46690.38
2018-05-17,14.3,14.51,14.47,14.04,40398.0,0.09,0.63,14.332,14.298,13.759,39659.86,42278.86,47083.78
2018-05-18,14.3,15.21,15.0,14.18,92674.52,0.53,3.66,14.5,14.384,13.919,52004.45,46923.64,49962.78
2018-05-21,15.08,15.08,14.36,14.29,95713.87,-0.65,-4.33,14.528,14.383,14.003,65394.48,52427.22,50704.28
2018-05-22,14.46,14.5,14.37,14.01,70186.0,-0.12,-0.83,14.518,14.379,14.072,64384.88,54569.75,50911.53
2018-05-23,14.38,14.46,13.58,13.58,54523.98,-0.81,-5.63,14.356,14.321,14.078,70699.27,55650.02,50949.31
2018-05-24,13.53,14.08,13.82,13.53,34046.0,0.21,1.54,14.226,14.279,14.102,69428.87,54544.37,49524.82
2018-05-25,13.81,13.81,12.9,12.84,54906.72,-0.91,-6.59,13.806,14.153,14.063,61875.31,56939.88,49308.26
2018-05-28,12.98,13.19,13.13,12.62,36441.72,0.21,1.62,13.56,14.044,14.043,50020.88,57707.68,47556.9
2018-05-29,13.12,13.28,12.8,12.64,45950.28,-0.33,-2.51,13.246,13.882,14.018,45173.74,54779.31,48365.83
2018-05-30,12.7,12.83,12.69,12.52,26802.0,-0.27,-2.08,13.068,13.712,13.975,39629.34,55164.31,48390.08
2018-05-31,12.82,13.28,13.15,12.62,50111.0,0.39,3.06,12.934,13.58,13.939,42842.34,56135.61,49207.23
2018-06-01,13.0,13.25,13.0,12.72,32916.0,-0.13,-0.99,12.954,13.38,13.882,38444.2,50159.76,48541.7
2018-06-04,13.03,13.1,12.91,12.5,30966.0,-0.11,-0.84,12.91,13.235,13.809,37349.06,43684.97,48056.1
2018-06-05,13.09,13.46,13.09,12.86,38328.6,0.14,1.08,12.968,13.107,13.743,35824.72,40499.23,47534.49
2018-06-06,12.78,12.95,12.85,12.52,27208.0,0.02,0.16,13.0,13.034,13.678,35905.92,37767.63,46708.83
2018-06-07,12.9,12.9,12.56,12.55,22257.0,-0.31,-2.41,12.882,12.908,13.594,30335.12,36588.73,45566.55
2018-06-08,12.55,12.7,12.29,12.0,30395.07,-0.27,-2.15,12.74,12.847,13.5,29830.93,34137.57,45538.72
2018-06-11,12.5,12.53,12.44,12.11,16565.0,0.08,0.65,12.646,12.778,13.411,26950.73,32149.9,44928.79
2018-06-12,12.44,12.44,12.12,12.12,25935.6,-0.33,-2.65,12.452,12.71,13.296,24472.13,30148.43,42463.87
2018-06-13,12.15,12.19,11.78,11.7,25593.0,-0.35,-2.88,12.238,12.619,13.166,24149.13,30027.53,42595.92
2018-06-14,11.84,12.2,11.85,11.73,20174.6,-0.06,-0.5,12.096,12.489,13.035,23732.65,27033.89,41584.75
2018-06-15,11.94,11.94,10.67,10.67,52367.0,-1.19,-10.03,11.772,12.256,12.818,28127.04,28978.99,39569.37
2018-06-19,10.35,10.36,9.6,9.6,33718.6,-1.07,-10.03,11.204,11.925,12.58,31557.76,29254.25,36469.61
2018-06-20,9.42,9.85,9.67,9.35,19852.6,0.07,0.73,10.714,11.583,12.345,30341.16,27406.65,33952.94
2018-06-21,9.67,9.77,9.24,9.08,20688.0,-0.42,-4.35,10.206,11.222,12.128,29360.16,26754.65,32261.14
2018-06-22,9.01,9.61,9.55,9.01,22884.34,0.32,3.47,9.746,10.921,11.915,29902.11,26817.38,31703.06
2018-06-25,9.66,9.76,9.43,9.41,18794.0,-0.12,-1.26,9.498,10.635,11.741,23187.51,25657.27,29897.42
2018-06-26,9.41,9.65,9.62,9.22,12625.0,0.2,2.12,9.502,10.353,11.566,18968.79,25263.27,28706.58
2018-06-27,9.65,9.99,9.72,9.61,18211.01,0.1,1.04,9.512,10.113,11.412,18640.47,24490.82,27319.62
2018-06-28,9.73,9.85,9.72,9.52,14268.72,0.0,0.0,9.608,9.907,11.263,17356.61,23358.39,26692.96
2018-06-29,9.71,10.04,10.0,9.56,25373.73,0.27,2.77,9.698,9.722,11.106,17854.49,23878.3,25456.09
2018-07-02,9.95,9.98,9.84,9.72,16427.0,-0.16,-1.6,9.78,9.639,10.948,17381.09,20284.3,24631.64
2018-07-03,9.81,10.15,10.04,9.74,17620.87,0.21,2.14,9.864,9.683,10.804,18380.27,18674.53,23964.39
2018-07-04,10.0,10.27,10.25,9.78,24180.0,0.21,2.09,9.97,9.741,10.662,19574.06,19107.27,23256.96
2018-07-05,10.7,11.22,10.22,10.12,49352.88,0.02,0.2,10.07,9.839,10.531,26590.9,21973.76,24364.2
2018-07-06,10.2,10.2,9.91,9.56,30957.69,-0.3,-2.94,10.052,9.875,10.398,27707.69,22781.09,24799.24
2018-07-09,9.81,10.06,9.99,9.79,17581.36,0.05,0.5,10.082,9.931,10.283,27938.56,22659.83,24158.55
2018-07-10,9.97,9.97,9.88,9.78,16783.33,-0.11,-1.1,10.05,9.957,10.155,27771.05,23075.66,24169.47
2018-07-11,9.81,9.81,9.5,9.38,15500.45,-0.4,-4.04,9.9,9.935,10.024,26035.14,22804.6,23647.71
2018-07-12,9.47,9.85,9.83,9.47,19531.3,0.3,3.15,9.822,9.946,9.927,20070.83,23330.86,23344.62
2018-07-13,9.83,9.94,9.85,9.77,12509.0,0.02,0.2,9.81,9.931,9.827,16381.09,22044.39,22961.34
2018-07-16,9.85,9.98,9.94,9.84,11357.0,0.09,0.91,9.8,9.941,9.79,15136.22,21537.39,20910.84
2018-07-17,9.96,10.21,10.17,9.84,15795.25,0.23,2.31,9.858,9.954,9.819,14938.6,21354.83,20014.68
2018-07-18,10.16,10.2,10.1,10.03,12748.56,-0.08,-0.79,9.978,9.939,9.84,14388.22,20211.68,19659.47
2018-07-19,10.07,10.08,9.88,9.76,13635.08,-0.21,-2.08,9.988,9.905,9.872,13208.98,16639.9,19306.83
2018-07-20,9.89,10.04,9.97,9.75,11983.88,0.08,0.81,10.012,9.911,9.893,13103.95,14742.52,18761.81
2018-07-23,9.96,10.07,10.04,9.89,12720.26,0.07,0.7,10.032,9.916,9.924,13376.61,14256.41,18458.12
2018-07-24,10.05,10.26,10.2,10.04,18687.05,0.14,1.39,10.038,9.948,9.953,13954.97,14446.78,18761.22
2018-07-25,10.26,10.27,10.17,10.15,13517.99,-0.03,-0.29,10.052,10.015,9.975,14108.85,14248.54,18526.57
2018-07-26,10.23,10.34,10.25,10.18,17991.16,0.07,0.69,10.126,10.057,10.002,14980.07,14094.52,18712.69
2018-07-27,10.25,10.31,10.1,10.06,14149.17,-0.15,-1.46,10.152,10.082,10.007,15413.13,14258.54,18151.46
2018-07-30,9.97,10.12,9.79,9.75,13815.94,-0.32,-3.17,10.102,10.067,10.004,15632.26,14504.43,18020.91
2018-07-31,9.76,9.94,9.93,9.76,8522.6,0.14,1.43,10.048,10.043,9.999,13599.37,13777.17,17566.0
2018-08-01,9.97,10.09,9.77,9.75,10667.28,-0.15,-1.51,9.968,10.01,9.975,13029.23,13569.04,16890.36
2018-08-02,9.71,9.78,9.45,9.27,15999.2,-0.31,-3.18,9.808,9.967,9.936,12630.84,13805.45,15222.68
2018-08-03,9.41,9.62,9.5,9.41,7967.16,0.04,0.42,9.688,9.92,9.916,11394.44,13403.78,14073.15
2018-08-06,9.49,9.53,9.32,9.21,8613.34,-0.18,-1.9,9.594,9.848,9.882,10353.92,12993.09,13624.75
2018-08-07,9.25,9.5,9.48,9.22,8545.23,0.17,1.83,9.504,9.776,9.862,10358.44,11978.91,13212.85
2018-08-08,9.52,9.54,9.33,9.25,6678.56,-0.15,-1.58,9.416,9.692,9.854,9560.7,11294.96,12771.75
2018-08-09,9.29,9.49,9.43,9.23,9507.01,0.14,1.51,9.412,9.61,9.834,8262.26,10446.55,12270.54
2018-08-10,9.39,9.5,9.44,9.31,9453.02,0.02,0.21,9.4,9.544,9.813,8559.43,9976.93,12117.74
2018-08-13,9.37,9.51,9.48,9.31,8841.52,0.04,0.42,9.432,9.513,9.79,8605.07,9479.49,11991.96
2018-08-14,9.5,9.7,9.67,9.46,12571.85,0.19,2.0,9.47,9.487,9.765,9410.39,9884.42,11830.79
2018-08-15,9.73,9.73,9.42,9.39,11074.22,-0.25,-2.58,9.488,9.452,9.731,10289.52,9925.11,11747.08
2018-08-16,9.37,9.39,9.26,9.18,9446.04,-0.15,-1.59,9.454,9.433,9.7,10277.33,9269.8,11537.62
2018-08-17,9.35,9.39,9.11,9.1,9967.54,-0.16,-1.73,9.388,9.394,9.657,10380.23,9469.83,11436.81
2018-08-20,9.12,9.14,9.11,8.92,8875.66,0.0,0.0,9.314,9.373,9.611,10387.06,9496.07,11244.58
2018-08-21,9.15,9.24,9.13,9.04,9311.0,0.02,0.22,9.206,9.338,9.557,9734.89,9572.64,10775.77
2018-08-22,9.12,9.16,9.04,9.03,6193.19,-0.09,-0.99,9.13,9.309,9.501,8758.69,9524.11,10409.53
2018-08-23,9.04,9.17,9.15,9.04,6342.0,0.11,1.22,9.108,9.281,9.446,8137.88,9207.6,9827.08
2018-08-24,9.15,9.18,9.1,9.06,5039.55,-0.05,-0.55,9.106,9.247,9.396,7152.28,8766.26,9371.6
2018-08-27,9.1,9.25,9.21,9.09,7512.2,0.11,1.21,9.126,9.22,9.367,6879.59,8633.33,9056.41
2018-08-28,9.2,9.25,9.22,9.19,7015.14,0.01,0.11,9.144,9.175,9.331,6420.42,8077.65,8981.04
2018-08-29,9.26,9.3,9.12,9.1,7923.87,-0.1,-1.08,9.16,9.145,9.299,6766.55,7762.62,8843.87
2018-08-30,9.09,9.12,8.97,8.97,6567.67,-0.15,-1.65,9.124,9.116,9.275,6811.69,7474.78,8372.29
2018-08-31,8.98,9.0,8.86,8.82,6479.67,-0.11,-1.23,9.076,9.091,9.243,7099.71,7126.0,8297.91
2018-09-03,8.8,8.81,8.78,8.65,7889.41,-0.08,-0.9,8.99,9.058,9.216,7175.15,7027.37,8261.72
2018-09-04,8.77,8.92,8.88,8.69,5964.93,0.1,1.14,8.922,9.033,9.186,6965.11,6692.76,8132.7
2018-09-05,8.9,8.94,8.85,8.83,5827.0,-0.03,-0.34,8.868,9.014,9.162,6545.74,6656.14,8090.12
2018-09-06,8.85,8.92,8.88,8.78,6342.0,0.03,0.34,8.85,8.987,9.134,6500.6,6656.14,7931.87
2018-09-07,8.88,9.02,8.94,8.88,6025.99,0.06,0.68,8.866,8.971,9.109,6409.87,6754.79,7760.52
2018-09-10,9.04,9.04,8.74,8.73,6213.0,-0.2,-2.24,8.858,8.924,9.072,6074.58,6624.87,7629.1
2018-09-11,8.74,8.86,8.82,8.71,3651.45,0.08,0.92,8.846,8.884,9.03,5611.89,6288.5,7183.08
2018-09-12,8.85,8.9,8.84,8.78,3954.0,0.02,0.23,8.844,8.856,9.001,5237.29,5891.51,6827.07
2018-09-13,8.84,8.94,8.93,8.82,6553.49,0.09,1.02,8.854,8.852,8.984,5279.59,5890.09,6682.44
2018-09-14,8.91,9.21,9.07,8.86,18061.78,0.14,1.57,8.88,8.873,8.982,7686.74,7048.31,7087.15
2018-09-17,8.97,8.97,8.73,8.72,10459.82,-0.34,-3.75,8.878,8.868,8.963,8536.11,7305.35,7166.36
2018-09-18,8.71,8.86,8.84,8.65,5274.08,0.11,1.26,8.882,8.864,8.949,8860.63,7236.26,6964.51
2018-09-19,8.84,8.99,8.91,8.82,8407.52,0.07,0.79,8.896,8.87,8.942,9751.34,7494.31,7075.23
2018-09-20,8.91,8.94,8.88,8.86,5644.08,-0.03,-0.34,8.886,8.87,8.929,9569.46,7424.52,7040.33
2018-09-21,8.93,9.26,9.1,8.88,17383.0,0.22,2.48,8.892,8.886,8.929,9433.7,8560.22,7657.51
2018-09-25,9.13,9.13,9.05,8.99,10185.0,-0.05,-0.55,8.956,8.917,8.921,9378.74,8957.42,7791.15
2018-09-26,9.05,9.11,9.01,9.01,8782.08,-0.04,-0.44,8.99,8.936,8.91,10080.34,9470.49,7879.49
2018-09-27,9.01,9.04,8.8,8.8,9707.0,-0.21,-2.33,8.968,8.932,8.894,10340.23,10045.79,7968.65
2018-09-28,8.84,8.94,8.9,8.8,6870.52,0.1,1.14,8.972,8.929,8.891,10585.52,10077.49,7983.79
2018-10-08,8.85,8.85,8.63,8.62,5314.0,-0.27,-3.03,8.878,8.885,8.879,8171.72,8802.71,7925.51
2018-10-09,8.55,8.79,8.6,8.55,5691.0,-0.03,-0.35,8.788,8.872,8.87,7272.92,8325.83,7815.59
2018-10-10,8.58,8.68,8.65,8.56,5111.0,0.05,0.58,8.716,8.853,8.859,6538.7,8309.52,7772.89
2018-10-11,8.48,8.48,7.86,7.79,12775.0,-0.79,-9.13,8.528,8.748,8.809,7152.3,8746.27,8120.29
2018-10-12,7.85,7.93,7.77,7.35,8976.0,-0.09,-1.15,8.302,8.637,8.754,7573.4,9079.46,8251.99
2018-10-15,7.79,7.92,7.92,7.63,4397.76,0.15,1.93,8.16,8.519,8.703,7390.15,7780.94,8170.58
2018-10-16,7.98,7.98,7.98,7.66,3841.0,0.06,0.76,8.036,8.412,8.665,7020.15,7146.54,8051.98
2018-10-17,7.91,8.09,8.09,7.86,6451.0,0.11,1.38,7.924,8.32,8.628,7288.15,6913.43,8191.96
2018-10-18,8.1,8.1,7.85,7.75,5258.0,-0.24,-2.97,7.922,8.225,8.579,5784.75,6468.53,8257.16
2018-10-19,7.76,7.97,7.93,7.52,6060.0,0.08,1.02,7.954,8.128,8.529,5201.55,6387.48,8232.48
2018-10-22,7.98,8.69,8.46,7.97,18472.0,0.53,6.68,8.062,8.111,8.498,8016.4,7703.28,8252.99
2018-10-23,8.39,8.49,8.34,8.28,9523.0,-0.12,-1.42,8.134,8.085,8.479,9152.8,8086.48,8206.15
2018-10-24,8.31,8.44,8.21,8.15,10490.0,-0.13,-1.56,8.158,8.041,8.447,9960.6,8624.38,8466.95
2018-10-25,7.99,8.34,8.2,7.88,8489.54,-0.01,-0.12,8.228,8.075,8.412,10606.91,8195.83,8471.05
2018-10-26,8.13,8.29,8.24,8.13,5194.0,0.04,0.49,8.29,8.122,8.38,10433.71,7817.63,8448.55
2018-10-29,8.03,8.2,8.13,8.0,7835.0,-0.11,-1.33,8.224,8.143,8.331,8306.31,8161.35,7971.15
2018-10-30,8.05,8.14,8.09,7.93,9234.0,-0.04,-0.49,8.174,8.154,8.283,8248.51,8700.65,7923.6
2018-10-31,8.08,8.16,8.15,8.05,17041.54,0.06,0.74,8.162,8.16,8.24,9558.82,9759.71,8336.57
2018-11-01,8.15,8.29,8.15,8.12,10566.0,0.0,0.0,8.152,8.19,8.208,9974.11,10290.51,8379.52
2018-11-02,8.18,8.39,8.36,8.14,19698.05,0.21,2.58,8.176,8.233,8.181,12874.92,11654.31,9020.89
2018-11-05,8.38,8.58,8.44,8.3,24063.54,0.08,0.96,8.238,8.231,8.171,16120.63,12213.47,9958.37
2018-11-06,8.44,9.2,9.14,8.4,57447.46,0.7,8.29,8.448,8.311,8.198,25763.32,17005.91,12546.19
2018-11-07,8.91,9.64,9.27,8.81,85229.05,0.13,1.42,8.672,8.417,8.229,39400.82,24479.82,16552.1
2018-11-08,9.1,9.11,8.89,8.74,48175.85,-0.38,-4.1,8.82,8.486,8.281,46922.79,28448.45,18322.14
2018-11-09,8.84,8.84,8.66,8.61,21050.3,-0.23,-2.59,8.88,8.528,8.325,47193.24,30034.08,18925.85
2018-11-12,8.57,8.85,8.79,8.57,20564.77,0.13,1.5,8.95,8.594,8.369,46493.49,31307.06,19734.21
2018-11-13,8.65,8.92,8.9,8.63,25310.24,0.11,1.25,8.902,8.675,8.415,40066.04,32914.68,20807.67
2018-11-14,8.83,9.02,8.7,8.69,23884.94,-0.2,-2.25,8.788,8.73,8.445,27797.22,33599.02,21679.36
2018-11-15,8.68,8.94,8.92,8.68,20924.81,0.22,2.53,8.794,8.807,8.499,22347.01,34634.9,22462.7
2018-11-16,8.92,9.05,8.95,8.9,22526.0,0.03,0.34,8.852,8.866,8.55,22642.15,34917.7,23286.0
2018-11-19,8.99,9.03,8.98,8.82,15454.81,0.03,0.34,8.89,8.92,8.576,21620.16,34056.82,23135.15
2018-11-20,8.92,9.15,8.77,8.77,25083.15,-0.21,-2.34,8.864,8.883,8.597,21574.74,30820.39,23913.15
2018-11-21,8.75,8.98,8.98,8.44,17426.96,0.21,2.4,8.92,8.854,8.636,20283.15,24040.18,24260.0
2018-11-22,9.14,9.15,9.05,8.97,19736.51,0.07,0.78,8.946,8.87,8.678,20045.49,21196.25,24822.35
2018-11-23,9.05,9.05,8.47,8.46,18525.0,-0.58,-6.41,8.85,8.851,8.69,19245.29,20943.72,25488.9
2018-11-26,8.47,8.53,8.38,8.38,5973.0,-0.09,-1.06,8.73,8.81,8.702,17348.92,19484.54,25395.8
2018-11-27,8.48,8.49,8.46,8.4,5003.0,0.08,0.95,8.668,8.766,8.721,13332.89,17453.82,25184.25
2018-11-28,8.5,8.67,8.66,8.35,12341.77,0.2,2.36,8.604,8.762,8.746,12315.86,16299.5,24949.26
2018-11-29,8.68,8.68,8.48,8.41,8694.0,-0.18,-2.08,8.49,8.718,8.763,10107.35,15076.42,24855.66
2018-11-30,8.36,8.46,8.39,8.18,11604.77,-0.09,-1.06,8.474,8.662,8.764,8723.31,13984.3,24451.0
2018-12-03,8.47,8.65,8.63,8.47,15519.51,0.24,2.86,8.524,8.627,8.774,10632.61,13990.77,24023.8
2018-12-04,8.63,8.79,8.75,8.58,13467.0,0.12,1.39,8.582,8.625,8.754,12325.41,12829.15,21824.77
2018-12-05,8.61,8.87,8.85,8.47,18008.0,0.1,1.14,8.62,8.612,8.733,13458.66,12887.26,18463.72
2018-12-06,9.15,9.5,8.95,8.91,58524.71,0.1,1.13,8.714,8.602,8.736,23424.8,16766.08,18981.16
2018-12-07,8.76,8.85,8.59,8.56,31110.77,-0.36,-4.02,8.754,8.614,8.733,27326.0,18024.65,19484.19
2018-12-10,8.61,8.61,8.42,8.42,8826.0,-0.17,-1.98,8.712,8.618,8.714,25987.3,18309.95,18897.25
2018-12-11,8.43,8.54,8.48,8.41,5581.0,0.06,0.71,8.658,8.62,8.693,24410.1,18367.75,17910.79
2018-12-12,8.54,8.56,8.42,8.4,8621.0,-0.06,-0.71,8.572,8.596,8.679,22532.7,17995.68,17147.59
2018-12-13,8.46,8.59,8.56,8.32,10545.77,0.14,1.66,8.494,8.604,8.661,12936.91,18180.85,16628.64
2018-12-14,8.56,8.56,8.16,8.01,10642.77,-0.4,-4.67,8.408,8.581,8.622,8843.31,18084.65,16034.48
2018-12-17,8.13,8.26,8.26,8.13,5824.87,0.1,1.23,8.376,8.544,8.586,8243.08,17115.19,15552.98
2018-12-18,8.25,8.32,8.18,8.13,5740.0,-0.08,-0.97,8.316,8.487,8.556,8274.88,16342.49,14585.82
2018-12-19,8.19,8.2,7.96,7.92,9162.0,-0.22,-2.69,8.224,8.398,8.505,8383.08,15457.89,14172.57
2018-12-20,7.85,8.04,8.01,7.85,6662.7,0.05,0.63,8.114,8.304,8.453,7606.47,10271.69,13518.88
2018-12-21,7.94,8.02,8.01,7.94,5319.0,0.0,0.0,8.084,8.246,8.43,6541.71,7692.51,12858.58
2018-12-24,8.02,8.13,8.13,8.02,6501.07,0.12,1.5,8.058,8.217,8.418,6676.95,7460.02,12884.99
2018-12-25,8.13,8.14,8.04,7.78,8183.07,-0.09,-1.11,8.03,8.173,8.397,7165.57,7720.23,13043.99
2018-12-26,8.1,8.22,8.18,8.05,8169.41,0.14,1.74,8.074,8.149,8.373,6967.05,7675.07,12835.37
2018-12-27,8.21,8.32,7.97,7.96,19606.0,-0.21,-2.57,8.066,8.09,8.347,9555.71,8581.09,13380.97
2018-12-28,7.94,7.99,7.92,7.8,7455.0,-0.05,-0.63,8.048,8.066,8.324,9982.91,8262.31,13173.48
2019-01-02,7.92,7.93,7.84,7.83,5097.0,-0.08,-1.01,7.99,8.024,8.284,9702.1,8189.53,12652.36
2019-01-03,7.86,7.92,7.82,7.77,4515.0,-0.02,-0.26,7.946,7.988,8.238,8968.48,8067.03,12204.76
2019-01-04,7.82,7.99,7.98,7.67,8849.0,0.16,2.05,7.906,7.99,8.194,9104.4,8035.73,11746.81
2019-01-07,8.04,8.1,8.08,8.0,8425.13,0.1,1.25,7.928,7.997,8.151,6868.23,8211.97,9241.83
2019-01-08,8.09,8.14,8.1,8.04,6184.07,0.02,0.25,7.964,8.006,8.126,6614.04,8298.48,7995.49
2019-01-09,8.06,8.25,8.15,8.06,9694.0,0.05,0.62,8.026,8.008,8.113,7533.44,8617.77,8038.89
2019-01-10,8.15,8.2,8.15,8.11,6103.0,0.0,0.0,8.092,8.019,8.096,7851.04,8409.76,8064.99
2019-01-11,8.15,8.19,8.17,8.11,7106.87,0.02,0.24,8.13,8.018,8.084,7502.61,8303.51,7989.29
2019-01-14,8.16,8.23,8.18,8.14,7935.0,0.01,0.12,8.15,8.039,8.065,7404.59,7136.41,7858.75
2019-01-15,8.18,8.43,8.32,8.14,11624.0,0.14,1.71,8.194,8.079,8.073,8492.57,7553.31,7907.81
2019-01-16,8.3,8.3,8.24,8.23,6906.0,-0.08,-0.96,8.212,8.119,8.072,7934.97,7734.21,7961.87
2019-01-17,8.28,8.28,8.11,8.1,5690.0,-0.13,-1.58,8.204,8.148,8.068,7852.37,7851.71,7959.37
2019-01-18,8.13,8.23,8.18,8.09,5564.0,0.07,0.86,8.206,8.168,8.079,7543.8,7523.21,7779.47
2019-01-21,8.17,8.34,8.3,8.15,11176.0,0.12,1.47,8.23,8.19,8.094,8192.0,7798.29,8005.13
2019-01-22,8.25,8.64,8.57,8.24,26528.19,0.27,3.25,8.28,8.237,8.122,11172.84,9832.71,9065.59
2019-01-23,8.42,8.91,8.82,8.35,48620.84,0.25,2.92,8.396,8.304,8.156,19515.81,13725.39,11171.58
2019-01-24,8.72,9.11,8.92,8.64,82758.7,0.1,1.13,8.558,8.381,8.2,34929.55,21390.96,14900.36
2019-01-25,8.75,8.75,8.1,8.03,50587.6,-0.82,-9.19,8.542,8.374,8.196,43934.27,25739.03,17021.27
2019-01-28,7.98,8.08,7.76,7.73,24419.68,-0.34,-4.2,8.434,8.332,8.186,46583.0,27387.5,17261.95
2019-01-29,7.74,7.74,7.48,7.36,16451.35,-0.28,-3.61,8.216,8.248,8.164,44567.63,27870.24,17711.77
2019-01-30,7.39,7.5,7.38,7.36,7932.36,-0.1,-1.34,7.928,8.162,8.141,36429.94,27972.87,17853.54
2019-01-31,7.26,7.45,7.26,7.21,10394.0,-0.12,-1.63,7.596,8.077,8.113,21957.0,28443.27,18147.49
2019-02-01,7.31,7.44,7.42,7.3,8600.94,0.16,2.2,7.46,8.001,8.085,13559.67,28746.97,18135.09
2019-02-11,7.42,7.69,7.64,7.4,11636.94,0.22,2.96,7.436,7.935,8.063,11003.12,28793.06,18295.68
2019-02-12,7.65,7.8,7.71,7.61,9858.0,0.07,0.92,7.482,7.849,8.043,9684.45,27126.04,18479.37
2019-02-13,7.76,7.84,7.79,7.7,14813.0,0.08,1.04,7.564,7.746,8.025,11060.58,23745.26,18735.32
2019-02-14,7.78,7.94,7.84,7.66,12435.0,0.05,0.64,7.68,7.638,8.01,11468.78,16712.89,19051.92
2019-02-15,7.83,7.87,7.8,7.77,8229.0,-0.04,-0.51,7.756,7.608,7.991,11394.39,12477.03,19108.03
2019-02-18,7.8,8.14,8.09,7.8,23703.0,0.29,3.72,7.846,7.641,7.987,13807.6,12405.36,19896.43
2019-02-19,8.1,8.15,8.01,7.92,20773.08,-0.08,-0.99,7.906,7.694,7.971,15990.62,12837.53,20353.88
2019-02-20,8.02,8.07,8.06,7.96,12017.08,0.05,0.62,7.96,7.762,7.962,15431.43,13246.0,20609.44
2019-02-21,8.02,8.16,7.99,7.96,19758.56,-0.07,-0.87,7.99,7.835,7.956,16896.14,14182.46,21312.87
2019-02-22,8.02,8.11,8.09,8.01,21655.31,0.1,1.25,8.048,7.902,7.952,19581.41,15487.9,22117.43
2019-02-25,8.15,8.43,8.4,8.13,37535.13,0.31,3.83,8.11,7.978,7.957,22347.83,18077.72,23435.39
2019-02-26,8.38,8.52,8.36,8.28,33985.57,-0.04,-0.48,8.18,8.043,7.946,24990.33,20490.47,23808.26
2019-02-27,8.33,8.8,8.7,8.31,57758.6,0.34,4.07,8.308,8.134,7.94,34138.63,24785.03,24265.15
2019-02-28,8.59,8.71,8.6,8.54,27721.0,-0.1,-1.15,8.43,8.21,7.924,35731.12,26313.63,21513.26
2019-03-01,8.64,8.68,8.58,8.49,17705.0,-0.02,-0.23,8.528,8.288,7.948,34941.06,27261.23,19869.13
2019-03-04,8.62,8.74,8.59,8.57,41587.0,0.01,0.12,8.566,8.338,7.99,35751.43,29049.63,20727.5
2019-03-05,8.55,8.93,8.81,8.51,53099.0,0.22,2.56,8.656,8.418,8.056,39574.12,32282.23,22559.88
2019-03-06,8.82,9.1,9.0,8.75,69130.08,0.19,2.16,8.716,8.512,8.137,41848.42,37993.53,25619.76
2019-03-07,9.0,9.2,9.13,8.92,53182.22,0.13,1.44,8.822,8.626,8.231,46940.66,41335.89,27759.18
2019-03-08,9.0,9.12,8.66,8.65,43967.0,-0.47,-5.15,8.838,8.683,8.293,52193.06,43567.06,29527.48
2019-03-11,8.66,9.05,9.03,8.66,31237.5,0.37,4.27,8.926,8.746,8.362,50123.16,42937.3,30507.51
2019-03-12,9.11,9.29,9.14,9.02,38201.78,0.11,1.22,8.992,8.824,8.434,47143.72,43358.92,31924.7
2019-03-13,9.2,9.25,9.04,8.88,22122.28,-0.1,-1.09,9.0,8.858,8.496,37742.16,39795.29,32290.16
2019-03-14,9.0,9.15,8.8,8.71,21659.0,-0.24,-2.65,8.934,8.878,8.544,31437.51,39189.09,32751.36
2019-03-15,8.78,9.05,8.98,8.78,19491.29,0.18,2.04,8.998,8.918,8.603,26542.37,39367.72,33314.47
2019-03-18,9.03,9.21,9.18,8.91,23938.89,0.2,2.23,9.028,8.977,8.658,25082.65,37602.9,33326.27
2019-03-19,9.24,9.26,9.18,9.11,17327.13,0.0,0.0,9.036,9.014,8.716,20907.72,34025.72,33153.97
2019-03-20,9.28,9.3,9.19,9.03,23949.46,0.01,0.11,9.066,9.033,8.773,21273.15,29507.66,33750.59
2019-03-21,9.27,9.3,9.26,9.16,26106.03,0.07,0.76,9.158,9.046,8.836,22162.56,26800.04,34067.96
2019-03-22,9.2,9.58,9.41,9.2,32216.83,0.15,1.62,9.244,9.121,8.902,24707.67,25625.02,34596.04
2019-03-25,9.17,9.46,9.31,9.15,23023.0,-0.1,-1.06,9.27,9.149,8.948,24524.49,24803.57,33870.43
2019-03-26,9.41,9.53,9.07,8.99,28479.62,-0.24,-2.58,9.248,9.142,8.983,26754.99,23831.35,33595.14
2019-03-27,9.09,9.24,9.22,9.01,21093.85,0.15,1.65,9.254,9.16,9.009,26183.87,23728.51,31761.9
2019-03-28,9.23,9.5,9.34,9.21,34280.14,0.12,1.3,9.27,9.214,9.046,27818.69,24990.62,32089.86
2019-03-29,9.29,9.85,9.55,9.08,64998.06,0.21,2.25,9.298,9.271,9.095,34374.93,29541.3,34454.51
2019-04-01,9.51,9.76,9.72,9.41,59765.8,0.17,1.78,9.38,9.325,9.151,41723.49,33123.99,35363.45
2019-04-02,9.7,9.87,9.71,9.58,51657.49,-0.01,-0.1,9.508,9.378,9.196,46359.07,36557.03,35291.37
2019-04-03,9.66,9.74,9.69,9.56,31491.38,-0.02,-0.21,9.602,9.428,9.231,48438.57,37311.22,33409.44
2019-04-04,9.7,9.84,9.64,9.58,31160.92,-0.05,-0.52,9.662,9.466,9.256,47814.73,37816.71,32308.37
2019-04-08,9.65,10.04,9.94,9.65,53372.06,0.3,3.11,9.74,9.519,9.32,45489.53,39932.23,32778.63
2019-04-09,9.95,10.0,9.76,9.65,30380.0,-0.18,-1.81,9.748,9.564,9.357,39612.37,40667.93,32735.75
2019-04-10,9.8,9.89,9.7,9.62,25004.0,-0.06,-0.61,9.746,9.627,9.385,34281.67,40320.37,32075.86
2019-04-11,9.73,9.81,9.54,9.53,23096.0,-0.16,-1.65,9.716,9.659,9.41,32602.6,40520.59,32124.55
2019-04-12,9.61,9.65,9.6,9.46,14547.0,0.06,0.63,9.708,9.685,9.45,29279.81,38547.27,31768.95
2019-04-15,9.65,9.75,9.37,9.09,18155.0,-0.23,-2.4,9.594,9.667,9.469,22236.4,33862.97,31702.13
2019-04-16,9.35,9.6,9.58,9.28,17822.0,0.21,2.24,9.558,9.653,9.489,19724.8,29668.59,31396.29
2019-04-17,9.6,9.64,9.58,9.49,19059.0,0.0,0.0,9.534,9.64,9.509,18535.8,26408.74,31482.88
2019-04-18,9.65,10.26,9.88,9.65,76539.36,0.3,3.13,9.602,9.659,9.544,29224.47,30913.53,34112.38
2019-04-19,9.72,9.82,9.59,9.38,49854.62,-0.29,-2.94,9.6,9.654,9.56,36286.0,32782.9,35299.81
2019-04-22,9.59,9.7,9.4,9.4,23701.0,-0.19,-1.98,9.606,9.6,9.56,37395.2,29815.8,34874.02
2019-04-23,9.45,9.45,9.13,9.06,20182.0,-0.27,-2.87,9.516,9.537,9.551,37867.2,28796.0,34731.97
2019-04-24,9.19,9.3,9.28,9.12,11392.77,0.15,1.64,9.456,9.495,9.561,36333.95,27434.88,33877.62
2019-04-25,9.3,9.32,8.88,8.86,23608.85,-0.4,-4.31,9.256,9.429,9.544,25747.85,27486.16,34003.37
2019-04-26,8.88,9.01,9.0,8.75,15871.62,0.12,1.35,9.138,9.369,9.527,18951.25,27618.62,33082.95
2019-04-29,8.97,9.33,9.01,8.9,23033.0,0.01,0.11,9.06,9.333,9.5,18817.65,28106.42,30984.69
2019-04-30,8.92,9.39,9.29,8.92,25517.12,0.28,3.11,9.092,9.304,9.479,19884.67,28875.93,29272.26
2019-05-06,9.1,9.1,8.6,8.41,16427.0,-0.69,-7.43,8.956,9.206,9.423,20891.52,28612.73,27510.74
2019-05-07,8.7,9.15,9.15,8.59,21972.0,0.55,6.39,9.01,9.133,9.396,20564.15,23156.0,27034.77
2019-05-08,9.05,9.8,9.52,8.9,40728.8,0.37,4.04,9.114,9.126,9.39,25535.58,22243.42,27513.16
2019-05-09,9.38,9.79,9.67,9.32,40622.0,0.15,1.58,9.246,9.153,9.377,29053.38,23935.52,26875.66
2019-05-10,9.68,9.98,9.88,9.4,117391.41,0.21,2.17,9.364,9.228,9.383,47428.24,33656.46,31226.23
2019-05-13,9.51,9.59,9.21,9.01,66609.8,-0.67,-6.78,9.486,9.221,9.358,57464.8,39178.16,33306.52
2019-05-14,8.91,8.97,8.67,8.5,52250.28,-0.54,-5.86,9.39,9.2,9.315,63520.46,42042.3,34764.23
2019-05-15,8.66,8.77,8.72,8.51,28319.38,0.05,0.58,9.23,9.172,9.271,61038.57,43287.08,35452.85
2019-05-16,8.72,8.84,8.79,8.56,20450.17,0.07,0.8,9.054,9.15,9.242,57004.21,43028.8,35567.61
2019-05-17,8.82,8.82,8.06,8.05,42163.46,-0.73,-8.3,8.69,9.027,9.166,41958.62,44693.43,36784.68
2019-05-20,8.06,8.08,7.82,7.51,24639.14,-0.24,-2.98,8.412,8.949,9.078,33564.49,45514.64,37063.69
2019-05-21,7.85,8.04,7.98,7.72,17822.51,0.16,2.05,8.274,8.832,8.983,26678.93,45099.7,34127.85
2019-05-22,7.9,8.03,7.9,7.83,13012.42,-0.08,-1.0,8.11,8.67,8.898,23617.54,42328.06,32285.74
2019-05-23,7.9,7.94,7.82,7.75,13696.11,-0.08,-1.01,7.916,8.485,8.819,22266.73,39635.47,31785.49
2019-05-24,7.82,7.89,7.85,7.73,8537.0,0.03,0.38,7.874,8.282,8.755,15541.44,28750.03,31203.24
2019-05-27,7.85,8.05,7.97,7.85,14063.11,0.12,1.53,7.904,8.158,8.69,13426.23,23495.36,31336.76
2019-05-28,8.06,8.07,7.93,7.92,13690.0,-0.04,-0.5,7.894,8.084,8.642,12599.73,19639.33,30840.82
2019-05-29,7.87,8.06,7.99,7.77,9549.0,0.06,0.76,7.912,8.011,8.592,11907.04,17762.29,30524.69
2019-05-30,7.94,7.98,7.86,7.8,9177.0,-0.13,-1.63,7.92,7.918,8.534,11003.22,16634.98,29831.89
2019-05-31,7.9,8.05,7.98,7.87,13872.11,0.12,1.53,7.946,7.91,8.469,12070.24,13805.84,29249.64
2019-06-03,8.07,8.07,7.86,7.83,9771.0,-0.12,-1.5,7.924,7.914,8.432,11211.82,12319.03,28916.84
2019-06-04,7.95,7.95,7.72,7.71,10046.28,-0.14,-1.78,7.882,7.888,8.36,10483.08,11541.4,28320.55
2019-06-05,7.79,7.92,7.8,7.75,7757.0,0.08,1.04,7.844,7.878,8.274,10124.68,11015.86,26671.96
2019-06-06,7.79,7.81,7.66,7.6,8648.0,-0.14,-1.79,7.804,7.862,8.174,10018.88,10511.05,25073.26
2019-06-10,7.69,7.89,7.84,7.68,9540.0,0.18,2.35,7.776,7.861,8.072,9152.46,10611.35,19680.69
2019-06-11,7.88,8.17,8.13,7.8,24023.0,0.29,3.7,7.83,7.877,8.018,12002.86,11607.34,17551.35
2019-06-12,8.13,8.15,8.05,8.04,9220.0,-0.08,-0.98,7.896,7.889,7.987,11837.6,11160.34,15399.83
2019-06-13,8.06,8.07,8.05,7.98,7842.0,0.0,0.0,7.946,7.895,7.953,11854.6,10989.64,14375.97
2019-06-14,8.02,8.1,7.83,7.8,10274.62,-0.22,-2.73,7.98,7.892,7.905,12179.92,11099.4,13867.19
2019-06-17,8.0,8.0,7.95,7.84,6406.0,0.12,1.53,8.002,7.889,7.9,11553.12,10352.79,12079.32
2019-06-18,7.95,8.04,7.92,7.88,5527.94,-0.03,-0.38,7.96,7.895,7.905,7854.11,9928.48,11123.76
2019-06-19,8.0,8.12,8.03,7.99,7429.0,0.11,1.39,7.956,7.926,7.907,7495.91,9666.76,10604.08
2019-06-20,8.03,8.15,8.11,8.0,14065.28,0.08,1.0,7.968,7.957,7.918,8740.57,10297.58,10656.72
2019-06-21,8.23,8.29,8.28,8.15,22319.14,0.17,2.1,8.058,8.019,7.941,11149.47,11664.7,11087.87
2019-06-24,8.29,8.36,8.18,8.13,13668.6,-0.1,-1.21,8.104,8.053,7.957,12601.99,12077.56,11344.45
2019-06-25,8.18,8.2,8.14,8.0,11370.0,-0.04,-0.49,8.148,8.054,7.966,13770.4,10812.26,11209.8
2019-06-26,8.05,8.17,8.1,8.05,6538.0,-0.04,-0.49,8.162,8.059,7.974,13592.2,10544.06,10852.2
2019-06-27,8.13,8.24,8.14,8.09,11127.0,0.04,0.49,8.168,8.068,7.982,13004.55,10872.56,10931.1
2019-06-28,8.15,8.15,7.93,7.85,11002.0,-0.21,-2.58,8.098,8.078,7.985,10741.12,10945.3,11022.35
2019-07-01,8.09,8.23,8.17,8.07,15163.0,0.24,3.03,8.096,8.1,7.995,11040.0,11821.0,11086.89
